group,category,name,file,line,kind,evidence,source_url
shared,scenario,withAgentBootstrapFailureFixture,turbo/apps/api/src/test-fixtures/agent-bootstrap-failure.ts,21,fault-hook,Temporarily intercepts chosen SQL read and asks PostgreSQL to cancel its own backend.,https://github.com/okou-ai/okou/blob/3412a46cc7e22a2295b10fe0a2419cd980bb420c/turbo/apps/api/src/test-fixtures/agent-bootstrap-failure.ts#L21
shared,scenario,readSessionHistoryBlobRefCountFixture,turbo/apps/api/src/test-fixtures/agent-runs.ts,13,read,"Reads stored blob reference count, not public API result.",https://github.com/okou-ai/okou/blob/3412a46cc7e22a2295b10fe0a2419cd980bb420c/turbo/apps/api/src/test-fixtures/agent-runs.ts#L13
shared,scenario,clearRunLaunchSnapshotFixture,turbo/apps/api/src/test-fixtures/agent-runs.ts,27,write,Mutates run state or routing metadata directly.,https://github.com/okou-ai/okou/blob/3412a46cc7e22a2295b10fe0a2419cd980bb420c/turbo/apps/api/src/test-fixtures/agent-runs.ts#L27
shared,scenario,listAgentRunsFixture,turbo/apps/api/src/test-fixtures/agent-runs.ts,40,read,"Invokes production service computed directly, bypassing route/API.",https://github.com/okou-ai/okou/blob/3412a46cc7e22a2295b10fe0a2419cd980bb420c/turbo/apps/api/src/test-fixtures/agent-runs.ts#L40
shared,scenario,setRunModelRuntimeRouteFixture,turbo/apps/api/src/test-fixtures/agent-runs.ts,65,write,Mutates run state or routing metadata directly.,https://github.com/okou-ai/okou/blob/3412a46cc7e22a2295b10fe0a2419cd980bb420c/turbo/apps/api/src/test-fixtures/agent-runs.ts#L65
shared,scenario,readRunModelSourceFixture,turbo/apps/api/src/test-fixtures/agent-runs.ts,90,read,"Reads provider credential scope, credit admission, built-in key and selected model from run.",https://github.com/okou-ai/okou/blob/3412a46cc7e22a2295b10fe0a2419cd980bb420c/turbo/apps/api/src/test-fixtures/agent-runs.ts#L90
shared,scenario,bindLegacyAgentPhoneThreadFixture,turbo/apps/api/src/test-fixtures/agentphone-legacy-thread-route.ts,12,write,Constructs retired producer route current APIs cannot create.,https://github.com/okou-ai/okou/blob/3412a46cc7e22a2295b10fe0a2419cd980bb420c/turbo/apps/api/src/test-fixtures/agentphone-legacy-thread-route.ts#L12
shared,scenario,seedProjectionOwnedHistoricalFiles,turbo/apps/api/src/test-fixtures/artifact-file-ownership.ts,9,write,Seeds historical orphan ownership and catalog projection.,https://github.com/okou-ai/okou/blob/3412a46cc7e22a2295b10fe0a2419cd980bb420c/turbo/apps/api/src/test-fixtures/artifact-file-ownership.ts#L9
shared,scenario,seedProjectionOwnedHistoricalFile,turbo/apps/api/src/test-fixtures/artifact-file-ownership.ts,50,write,Single-file wrapper is distinct callable implementation; calls direct multi-file writer.,https://github.com/okou-ai/okou/blob/3412a46cc7e22a2295b10fe0a2419cd980bb420c/turbo/apps/api/src/test-fixtures/artifact-file-ownership.ts#L50
shared,scenario,retainedHistoricalFileExists,turbo/apps/api/src/test-fixtures/artifact-file-ownership.ts,62,read,Reads retained historical file existence or identities.,https://github.com/okou-ai/okou/blob/3412a46cc7e22a2295b10fe0a2419cd980bb420c/turbo/apps/api/src/test-fixtures/artifact-file-ownership.ts#L62
shared,scenario,retainedHistoricalFileIds,turbo/apps/api/src/test-fixtures/artifact-file-ownership.ts,72,read,Reads retained historical file existence or identities.,https://github.com/okou-ai/okou/blob/3412a46cc7e22a2295b10fe0a2419cd980bb420c/turbo/apps/api/src/test-fixtures/artifact-file-ownership.ts#L72
shared,teardown,deleteProjectionOwnedHistoricalFiles,turbo/apps/api/src/test-fixtures/artifact-file-ownership.ts,83,write,After-test scoped deletion of fixture-owned UUIDs; not business scenario setup.,https://github.com/okou-ai/okou/blob/3412a46cc7e22a2295b10fe0a2419cd980bb420c/turbo/apps/api/src/test-fixtures/artifact-file-ownership.ts#L83
shared,scenario,readCanonicalAgentNameFixture,turbo/apps/api/src/test-fixtures/canonical-agent-authority.ts,6,read,Reads canonical persisted Agent name.,https://github.com/okou-ai/okou/blob/3412a46cc7e22a2295b10fe0a2419cd980bb420c/turbo/apps/api/src/test-fixtures/canonical-agent-authority.ts#L6
shared,scenario,reserveFixtureChatEventSequence,turbo/apps/api/src/test-fixtures/chat-event-sequences.ts,6,write,Advances allocation watermark for historical fixture writer; currently consumed by another fixture.,https://github.com/okou-ai/okou/blob/3412a46cc7e22a2295b10fe0a2419cd980bb420c/turbo/apps/api/src/test-fixtures/chat-event-sequences.ts#L6
shared,scenario,setTelegramThinkingMessageIdFixture,turbo/apps/api/src/test-fixtures/chat-events.ts,84,write,Changes private thinkingMessageId in queued launch context.,https://github.com/okou-ai/okou/blob/3412a46cc7e22a2295b10fe0a2419cd980bb420c/turbo/apps/api/src/test-fixtures/chat-events.ts#L84
shared,scenario,findPendingChatEventByPromptFixture,turbo/apps/api/src/test-fixtures/chat-events.ts,121,read,Reads queued event identity by user/prompt.,https://github.com/okou-ai/okou/blob/3412a46cc7e22a2295b10fe0a2419cd980bb420c/turbo/apps/api/src/test-fixtures/chat-events.ts#L121
shared,scenario,replayPendingChatInputQueueEventFixture,turbo/apps/api/src/test-fixtures/chat-events.ts,132,write,Replaces pending queued event with specified identity using internal SQL.,https://github.com/okou-ai/okou/blob/3412a46cc7e22a2295b10fe0a2419cd980bb420c/turbo/apps/api/src/test-fixtures/chat-events.ts#L132
shared,scenario,timeoutRunWithoutCallbacksFixture,turbo/apps/api/src/test-fixtures/chat-events.ts,186,write,Marks run timeout without its normal callback side effects.,https://github.com/okou-ai/okou/blob/3412a46cc7e22a2295b10fe0a2419cd980bb420c/turbo/apps/api/src/test-fixtures/chat-events.ts#L186
shared,scenario,holdChatThreadRowLockFixture,turbo/apps/api/src/test-fixtures/chat-events.ts,309,fault-hook,Holds thread row lock and exposes SQL waiter and statement observations.,https://github.com/okou-ai/okou/blob/3412a46cc7e22a2295b10fe0a2419cd980bb420c/turbo/apps/api/src/test-fixtures/chat-events.ts#L309
shared,scenario,insertOutputEventWithConflictingLegacyPayloadFixture,turbo/apps/api/src/test-fixtures/chat-events.ts,398,write,Creates output event with deliberately conflicting historical leaf payload.,https://github.com/okou-ai/okou/blob/3412a46cc7e22a2295b10fe0a2419cd980bb420c/turbo/apps/api/src/test-fixtures/chat-events.ts#L398
shared,scenario,insertCanonicalChatEventWritesFixture,turbo/apps/api/src/test-fixtures/chat-events.ts,608,write,Fabricates canonical event write matrix and backing run rows.,https://github.com/okou-ai/okou/blob/3412a46cc7e22a2295b10fe0a2419cd980bb420c/turbo/apps/api/src/test-fixtures/chat-events.ts#L608
shared,scenario,readCanonicalChatEventStorageFixture,turbo/apps/api/src/test-fixtures/chat-events.ts,683,read,Reads raw storage rows or internal visibility/predicate results.,https://github.com/okou-ai/okou/blob/3412a46cc7e22a2295b10fe0a2419cd980bb420c/turbo/apps/api/src/test-fixtures/chat-events.ts#L683
shared,scenario,isVisibleChatEventFixture,turbo/apps/api/src/test-fixtures/chat-events.ts,701,read,Reads raw storage rows or internal visibility/predicate results.,https://github.com/okou-ai/okou/blob/3412a46cc7e22a2295b10fe0a2419cd980bb420c/turbo/apps/api/src/test-fixtures/chat-events.ts#L701
shared,scenario,readRunUsageEventsFixture,turbo/apps/api/src/test-fixtures/chat-events.ts,718,read,Reads billing ledger rows unavailable through public endpoint.,https://github.com/okou-ai/okou/blob/3412a46cc7e22a2295b10fe0a2419cd980bb420c/turbo/apps/api/src/test-fixtures/chat-events.ts#L718
shared,scenario,readCanonicalRunIdCollisionSafetyFixture,turbo/apps/api/src/test-fixtures/chat-events.ts,746,read,Reads raw storage rows or internal visibility/predicate results.,https://github.com/okou-ai/okou/blob/3412a46cc7e22a2295b10fe0a2419cd980bb420c/turbo/apps/api/src/test-fixtures/chat-events.ts#L746
shared,scenario,installLegacySlackChatCallbackBrandFixture,turbo/apps/api/src/test-fixtures/chat-terminal-retry.ts,11,fault-hook,Installs trigger mutating new Slack callback to historical payload brand.,https://github.com/okou-ai/okou/blob/3412a46cc7e22a2295b10fe0a2419cd980bb420c/turbo/apps/api/src/test-fixtures/chat-terminal-retry.ts#L11
shared,scenario,appendTerminalChatEventsFixture,turbo/apps/api/src/test-fixtures/chat-thread-agent-read.ts,17,write,Appends terminal event rows and adjusts thread sort time without Runner.,https://github.com/okou-ai/okou/blob/3412a46cc7e22a2295b10fe0a2419cd980bb420c/turbo/apps/api/src/test-fixtures/chat-thread-agent-read.ts#L17
shared,scenario,readSeededUnreadThreadIdsFixture,turbo/apps/api/src/test-fixtures/chat-thread-agent-read.ts,94,read,Reads complete private unread state beyond public projection.,https://github.com/okou-ai/okou/blob/3412a46cc7e22a2295b10fe0a2419cd980bb420c/turbo/apps/api/src/test-fixtures/chat-thread-agent-read.ts#L94
shared,baseline-seed,installSharedApiTestConnectorCatalog,turbo/apps/api/src/test-fixtures/connector-catalog.ts,42,write,Global setup installs shared connector catalog.,https://github.com/okou-ai/okou/blob/3412a46cc7e22a2295b10fe0a2419cd980bb420c/turbo/apps/api/src/test-fixtures/connector-catalog.ts#L42
shared,scenario,installApiTestConnectorCatalog,turbo/apps/api/src/test-fixtures/connector-catalog.ts,120,write,Used in global baseline and scenario fixtures; can set chosen catalog generation.,https://github.com/okou-ai/okou/blob/3412a46cc7e22a2295b10fe0a2419cd980bb420c/turbo/apps/api/src/test-fixtures/connector-catalog.ts#L120
shared,scenario,useLegacyConnectorCatalogPayloadFixture,turbo/apps/api/src/test-fixtures/connector-catalog.ts,167,write,Nulls projection columns to create historical payload-only shape.,https://github.com/okou-ai/okou/blob/3412a46cc7e22a2295b10fe0a2419cd980bb420c/turbo/apps/api/src/test-fixtures/connector-catalog.ts#L167
shared,scenario,withDatabaseTransactionBarrierFixture,turbo/apps/api/src/test-fixtures/database-transaction-barrier.ts,262,fault-hook,Pauses internal statement boundary and exposes lock/timeouts/waiter observations.,https://github.com/okou-ai/okou/blob/3412a46cc7e22a2295b10fe0a2419cd980bb420c/turbo/apps/api/src/test-fixtures/database-transaction-barrier.ts#L262
shared,scenario,withDiscordDmPreferenceInsertBarrierFixture,turbo/apps/api/src/test-fixtures/discord-preference.ts,13,fault-hook,Pauses after Discord preference insert before cancellation/commit.,https://github.com/okou-ai/okou/blob/3412a46cc7e22a2295b10fe0a2419cd980bb420c/turbo/apps/api/src/test-fixtures/discord-preference.ts#L13
shared,scenario,completeHostedSiteWithoutDependencyIndex,turbo/apps/api/src/test-fixtures/hosted-site-dependencies-previous-api.ts,13,write,Creates historical ready-without-dependency-index state.,https://github.com/okou-ai/okou/blob/3412a46cc7e22a2295b10fe0a2419cd980bb420c/turbo/apps/api/src/test-fixtures/hosted-site-dependencies-previous-api.ts#L13
shared,scenario,insertLegacyHostedSiteFixture,turbo/apps/api/src/test-fixtures/hosted-sites.ts,25,write,"Creates historical layout, multiple-upload or publication state.",https://github.com/okou-ai/okou/blob/3412a46cc7e22a2295b10fe0a2419cd980bb420c/turbo/apps/api/src/test-fixtures/hosted-sites.ts#L25
shared,scenario,insertLegacyHostedSiteHistoryFixture,turbo/apps/api/src/test-fixtures/hosted-sites.ts,50,write,"Creates historical layout, multiple-upload or publication state.",https://github.com/okou-ai/okou/blob/3412a46cc7e22a2295b10fe0a2419cd980bb420c/turbo/apps/api/src/test-fixtures/hosted-sites.ts#L50
shared,scenario,insertLegacyHostedSitePublicationFixture,turbo/apps/api/src/test-fixtures/hosted-sites.ts,117,write,"Creates historical layout, multiple-upload or publication state.",https://github.com/okou-ai/okou/blob/3412a46cc7e22a2295b10fe0a2419cd980bb420c/turbo/apps/api/src/test-fixtures/hosted-sites.ts#L117
shared,scenario,seedLegacyMissingDefaultAgentFixture,turbo/apps/api/src/test-fixtures/legacy-default-agent.ts,21,write,Creates missing/private default agent states rejected by current public writers.,https://github.com/okou-ai/okou/blob/3412a46cc7e22a2295b10fe0a2419cd980bb420c/turbo/apps/api/src/test-fixtures/legacy-default-agent.ts#L21
shared,scenario,seedLegacyPrivateDefaultAgentFixture,turbo/apps/api/src/test-fixtures/legacy-default-agent.ts,33,write,Creates missing/private default agent states rejected by current public writers.,https://github.com/okou-ai/okou/blob/3412a46cc7e22a2295b10fe0a2419cd980bb420c/turbo/apps/api/src/test-fixtures/legacy-default-agent.ts#L33
shared,scenario,replaceRunnerJobWithLegacyConnectorBaselineFixture,turbo/apps/api/src/test-fixtures/legacy-runner-job-context.ts,14,write,Replaces queued run execution context with historical connector baseline.,https://github.com/okou-ai/okou/blob/3412a46cc7e22a2295b10fe0a2419cd980bb420c/turbo/apps/api/src/test-fixtures/legacy-runner-job-context.ts#L14
shared,scenario,insertRetiredCatalogRowsFixture,turbo/apps/api/src/test-fixtures/model-catalog.ts,22,write,Creates temporary retired catalog chain.,https://github.com/okou-ai/okou/blob/3412a46cc7e22a2295b10fe0a2419cd980bb420c/turbo/apps/api/src/test-fixtures/model-catalog.ts#L22
shared,scenario,stageLegacyChatThreadSelectedModelFixture,turbo/apps/api/src/test-fixtures/model-catalog.ts,61,write,Stamps retired selected model that current API canonicalizes away.,https://github.com/okou-ai/okou/blob/3412a46cc7e22a2295b10fe0a2419cd980bb420c/turbo/apps/api/src/test-fixtures/model-catalog.ts#L61
shared,scenario,setModelPiRouteClassFixture,turbo/apps/api/src/test-fixtures/model-catalog.ts,81,write,Mutates operator-only Pi route class and returns restore.,https://github.com/okou-ai/okou/blob/3412a46cc7e22a2295b10fe0a2419cd980bb420c/turbo/apps/api/src/test-fixtures/model-catalog.ts#L81
shared,scenario,updateModelRouteCapabilitiesFixture,turbo/apps/api/src/test-fixtures/model-route-capabilities.ts,14,write,Changes operator-only effort/tier capabilities.,https://github.com/okou-ai/okou/blob/3412a46cc7e22a2295b10fe0a2419cd980bb420c/turbo/apps/api/src/test-fixtures/model-route-capabilities.ts#L14
shared,scenario,readPrimaryBuiltInRouteFixture,turbo/apps/api/src/test-fixtures/model-route-capabilities.ts,35,read,Reads internal concrete provider/model route selection.,https://github.com/okou-ai/okou/blob/3412a46cc7e22a2295b10fe0a2419cd980bb420c/turbo/apps/api/src/test-fixtures/model-route-capabilities.ts#L35
shared,scenario,readOfficialWorkflowQueueInputFixture,turbo/apps/api/src/test-fixtures/official-workflow-queue.ts,19,read,Reads raw immutable queued Official event.,https://github.com/okou-ai/okou/blob/3412a46cc7e22a2295b10fe0a2419cd980bb420c/turbo/apps/api/src/test-fixtures/official-workflow-queue.ts#L19
shared,scenario,appendOfficialWorkflowQueueInputFixture,turbo/apps/api/src/test-fixtures/official-workflow-queue.ts,39,write,Constructs historical Official input encoding while revoking original.,https://github.com/okou-ai/okou/blob/3412a46cc7e22a2295b10fe0a2419cd980bb420c/turbo/apps/api/src/test-fixtures/official-workflow-queue.ts#L39
shared,scenario,upsertOrgMetadataFixture,turbo/apps/api/src/test-fixtures/org-metadata.ts,24,write,Sets exact credits/tier directly and synchronizes entitlement; alias seedOrgMetadata excluded.,https://github.com/okou-ai/okou/blob/3412a46cc7e22a2295b10fe0a2419cd980bb420c/turbo/apps/api/src/test-fixtures/org-metadata.ts#L24
shared,scenario,setOrgDefaultAgentFixture,turbo/apps/api/src/test-fixtures/org-metadata.ts,59,write,"Sets default agent, operator preset or retired onboarding state.",https://github.com/okou-ai/okou/blob/3412a46cc7e22a2295b10fe0a2419cd980bb420c/turbo/apps/api/src/test-fixtures/org-metadata.ts#L59
shared,scenario,setOrgOpenrouterPresetFixture,turbo/apps/api/src/test-fixtures/org-metadata.ts,79,write,"Sets default agent, operator preset or retired onboarding state.",https://github.com/okou-ai/okou/blob/3412a46cc7e22a2295b10fe0a2419cd980bb420c/turbo/apps/api/src/test-fixtures/org-metadata.ts#L79
shared,scenario,setOnboardingPaymentPendingFixture,turbo/apps/api/src/test-fixtures/org-metadata.ts,97,write,"Sets default agent, operator preset or retired onboarding state.",https://github.com/okou-ai/okou/blob/3412a46cc7e22a2295b10fe0a2419cd980bb420c/turbo/apps/api/src/test-fixtures/org-metadata.ts#L97
shared,scenario,upsertOrgPlanEntitlementFixture,turbo/apps/api/src/test-fixtures/org-plan-entitlement.ts,14,write,Creates deliberately divergent plan capabilities.,https://github.com/okou-ai/okou/blob/3412a46cc7e22a2295b10fe0a2419cd980bb420c/turbo/apps/api/src/test-fixtures/org-plan-entitlement.ts#L14
shared,scenario,deleteOrgPlanEntitlementFixture,turbo/apps/api/src/test-fixtures/org-plan-entitlement.ts,97,write,"Removes entitlement as scenario Given, not teardown.",https://github.com/okou-ai/okou/blob/3412a46cc7e22a2295b10fe0a2419cd980bb420c/turbo/apps/api/src/test-fixtures/org-plan-entitlement.ts#L97
shared,scenario,readPiMemoryStage1CandidateFixture,turbo/apps/api/src/test-fixtures/pi-memory-stage1-candidates.ts,14,read,"Reads candidate state, lease, retry, source, extracted memory and accounting.",https://github.com/okou-ai/okou/blob/3412a46cc7e22a2295b10fe0a2419cd980bb420c/turbo/apps/api/src/test-fixtures/pi-memory-stage1-candidates.ts#L14
shared,scenario,readPiConversationIdentityFixture,turbo/apps/api/src/test-fixtures/pi-memory-stage1-candidates.ts,57,read,Reads internal Pi session/history identity.,https://github.com/okou-ai/okou/blob/3412a46cc7e22a2295b10fe0a2419cd980bb420c/turbo/apps/api/src/test-fixtures/pi-memory-stage1-candidates.ts#L57
shared,scenario,readmitPiMemoryStage1CandidateFixture,turbo/apps/api/src/test-fixtures/pi-memory-stage1-candidates.ts,74,private-driver,Directly invokes production admission with idleDelayMs0 and ownership overrides.,https://github.com/okou-ai/okou/blob/3412a46cc7e22a2295b10fe0a2419cd980bb420c/turbo/apps/api/src/test-fixtures/pi-memory-stage1-candidates.ts#L74
shared,scenario,installPreparedDomainLegacyFunctions,turbo/apps/api/src/test-fixtures/prepared-domain-legacy-functions.ts,14,write,Installs old SQL function implementations in private schema for old-writer scenarios.,https://github.com/okou-ai/okou/blob/3412a46cc7e22a2295b10fe0a2419cd980bb420c/turbo/apps/api/src/test-fixtures/prepared-domain-legacy-functions.ts#L14
shared,scenario,seedPrivateRegistryResourceVersionFixture,turbo/apps/api/src/test-fixtures/private-registry-resource.ts,22,write,Creates exact private registry version IDs unavailable through public API.,https://github.com/okou-ai/okou/blob/3412a46cc7e22a2295b10fe0a2419cd980bb420c/turbo/apps/api/src/test-fixtures/private-registry-resource.ts#L22
shared,scenario,alterRegisteredVolumeIndexFixture,turbo/apps/api/src/test-fixtures/registered-volume-index.ts,13,write,Makes missing/wrong-generation/corrupt index or conflicting key.,https://github.com/okou-ai/okou/blob/3412a46cc7e22a2295b10fe0a2419cd980bb420c/turbo/apps/api/src/test-fixtures/registered-volume-index.ts#L13
shared,scenario,seedRetiredMemberImageModelFixture,turbo/apps/api/src/test-fixtures/retired-member-image-model.ts,9,write,Stores retired image model preference.,https://github.com/okou-ai/okou/blob/3412a46cc7e22a2295b10fe0a2419cd980bb420c/turbo/apps/api/src/test-fixtures/retired-member-image-model.ts#L9
shared,scenario,advanceRunActivityClockFixture,turbo/apps/api/src/test-fixtures/run-activity.ts,6,write,"Rewrites persisted nextAttemptAt/claimExpiresAt; this is DB mutation, not pure mock clock.",https://github.com/okou-ai/okou/blob/3412a46cc7e22a2295b10fe0a2419cd980bb420c/turbo/apps/api/src/test-fixtures/run-activity.ts#L6
shared,scenario,readHistoryBlobReferenceCountFixture,turbo/apps/api/src/test-fixtures/run-deletion.ts,7,read,"Reads stored blob reference count, not public API result.",https://github.com/okou-ai/okou/blob/3412a46cc7e22a2295b10fe0a2419cd980bb420c/turbo/apps/api/src/test-fixtures/run-deletion.ts#L7
shared,scenario,setRunImageModelFixture,turbo/apps/api/src/test-fixtures/run-image-model.ts,7,write,Mutates run state or routing metadata directly.,https://github.com/okou-ai/okou/blob/3412a46cc7e22a2295b10fe0a2419cd980bb420c/turbo/apps/api/src/test-fixtures/run-image-model.ts#L7
shared,scenario,createPreviousSharedThread$,turbo/apps/api/src/test-fixtures/shared-thread-previous-api.ts,73,write,Creates historical writer column shape through internal command.,https://github.com/okou-ai/okou/blob/3412a46cc7e22a2295b10fe0a2419cd980bb420c/turbo/apps/api/src/test-fixtures/shared-thread-previous-api.ts#L73
shared,scenario,rejectSharedThreadArtifactWrites,turbo/apps/api/src/test-fixtures/shared-thread.ts,11,fault-hook,Injects PostgreSQL failure during artifact write.,https://github.com/okou-ai/okou/blob/3412a46cc7e22a2295b10fe0a2419cd980bb420c/turbo/apps/api/src/test-fixtures/shared-thread.ts#L11
shared,teardown,deleteSocialKitDownloadJobsForOwner,turbo/apps/api/src/test-fixtures/socialkit-download.ts,8,write,After-test cleanup for owned jobs.,https://github.com/okou-ai/okou/blob/3412a46cc7e22a2295b10fe0a2419cd980bb420c/turbo/apps/api/src/test-fixtures/socialkit-download.ts#L8
shared,scenario,countUserSshAccessResourcesFixture,turbo/apps/api/src/test-fixtures/ssh-access-owner-lifecycle.ts,12,read,Checks physical resource erasure after user deletion.,https://github.com/okou-ai/okou/blob/3412a46cc7e22a2295b10fe0a2419cd980bb420c/turbo/apps/api/src/test-fixtures/ssh-access-owner-lifecycle.ts#L12
shared,scenario,seedLegacyExportCleanupReferenceFixture,turbo/apps/api/src/test-fixtures/storage-object-cleanup.ts,11,write,Creates retired completed one-call export job reference.,https://github.com/okou-ai/okou/blob/3412a46cc7e22a2295b10fe0a2419cd980bb420c/turbo/apps/api/src/test-fixtures/storage-object-cleanup.ts#L11
shared,scenario,rejectPresignedCacheWriteAfterPendingFixture,turbo/apps/api/src/test-fixtures/storage-presigned-url-cache.ts,11,fault-hook,Fails cache insert only after run/job pending state.,https://github.com/okou-ai/okou/blob/3412a46cc7e22a2295b10fe0a2419cd980bb420c/turbo/apps/api/src/test-fixtures/storage-presigned-url-cache.ts#L11
shared,scenario,seedAgentPublicationFenceFixture,turbo/apps/api/src/test-fixtures/storage-publication-fence.ts,14,write,Seeds private publication reservations.,https://github.com/okou-ai/okou/blob/3412a46cc7e22a2295b10fe0a2419cd980bb420c/turbo/apps/api/src/test-fixtures/storage-publication-fence.ts#L14
shared,scenario,countAgentPublicationFencesFixture,turbo/apps/api/src/test-fixtures/storage-publication-fence.ts,31,read,Counts private publication fencing records.,https://github.com/okou-ai/okou/blob/3412a46cc7e22a2295b10fe0a2419cd980bb420c/turbo/apps/api/src/test-fixtures/storage-publication-fence.ts#L31
shared,scenario,seedUserPublicationFenceFixture,turbo/apps/api/src/test-fixtures/storage-publication-fence.ts,43,write,Seeds private publication reservations.,https://github.com/okou-ai/okou/blob/3412a46cc7e22a2295b10fe0a2419cd980bb420c/turbo/apps/api/src/test-fixtures/storage-publication-fence.ts#L43
shared,scenario,countUserPublicationFenceRowsFixture,turbo/apps/api/src/test-fixtures/storage-publication-fence.ts,65,read,Counts private publication fencing records.,https://github.com/okou-ai/okou/blob/3412a46cc7e22a2295b10fe0a2419cd980bb420c/turbo/apps/api/src/test-fixtures/storage-publication-fence.ts#L65
shared,scenario,readStorageIdentityFixture,turbo/apps/api/src/test-fixtures/storage.ts,13,read,Reads stored S3 identity not exposed by public list.,https://github.com/okou-ai/okou/blob/3412a46cc7e22a2295b10fe0a2419cd980bb420c/turbo/apps/api/src/test-fixtures/storage.ts#L13
shared,scenario,readStorageS3PrefixFixture,turbo/apps/api/src/test-fixtures/storage.ts,38,read,Convenience reader invokes private storage identity query.,https://github.com/okou-ai/okou/blob/3412a46cc7e22a2295b10fe0a2419cd980bb420c/turbo/apps/api/src/test-fixtures/storage.ts#L38
shared,scenario,insertSubscriptionRouteCapabilitiesFixture,turbo/apps/api/src/test-fixtures/subscription-route-capabilities.ts,7,write,Creates operator-only personal subscription catalog entry.,https://github.com/okou-ai/okou/blob/3412a46cc7e22a2295b10fe0a2419cd980bb420c/turbo/apps/api/src/test-fixtures/subscription-route-capabilities.ts#L7
shared,scenario,installTelegramContextFailureFixture,turbo/apps/api/src/test-fixtures/telegram-context-failure.ts,12,fault-hook,Injects Telegram context insert failure.,https://github.com/okou-ai/okou/blob/3412a46cc7e22a2295b10fe0a2419cd980bb420c/turbo/apps/api/src/test-fixtures/telegram-context-failure.ts#L12
shared,scenario,insertUsageAllowanceWindowsFixture,turbo/apps/api/src/test-fixtures/usage-allowance.ts,25,write,Creates exact historical usage windows.,https://github.com/okou-ai/okou/blob/3412a46cc7e22a2295b10fe0a2419cd980bb420c/turbo/apps/api/src/test-fixtures/usage-allowance.ts#L25
shared,scenario,createUsagePricingFixture,turbo/apps/api/src/test-fixtures/usage-pricing.ts,75,write,Creates chosen pricing under remapped provider identities; returns cleanup.,https://github.com/okou-ai/okou/blob/3412a46cc7e22a2295b10fe0a2419cd980bb420c/turbo/apps/api/src/test-fixtures/usage-pricing.ts#L75
shared,baseline-seed,seedIsolatedModelPricingForTests,turbo/apps/api/src/test-fixtures/usage-pricing.ts,147,write,Seeds run admission pricing once for harness baseline.,https://github.com/okou-ai/okou/blob/3412a46cc7e22a2295b10fe0a2419cd980bb420c/turbo/apps/api/src/test-fixtures/usage-pricing.ts#L147
shared,baseline-seed,seedDevelopmentModelPricingForTests,turbo/apps/api/src/test-fixtures/usage-pricing.ts,163,write,Seeds run admission pricing once for harness baseline.,https://github.com/okou-ai/okou/blob/3412a46cc7e22a2295b10fe0a2419cd980bb420c/turbo/apps/api/src/test-fixtures/usage-pricing.ts#L163
shared,scenario,resetNotionWebhookVerification,turbo/apps/api/src/test-fixtures/workflow-notion.ts,15,write,Deletes global stored verification state to construct unverified Given.,https://github.com/okou-ai/okou/blob/3412a46cc7e22a2295b10fe0a2419cd980bb420c/turbo/apps/api/src/test-fixtures/workflow-notion.ts#L15
shared,scenario,previousSharedThreadReadRoutes,turbo/apps/api/src/test-fixtures/shared-thread-previous-api.ts,63,read,Historical reader mounts same production URL but executes its own previousRead$ DB query; not user-accessible current-production handler.,https://github.com/okou-ai/okou/blob/3412a46cc7e22a2295b10fe0a2419cd980bb420c/turbo/apps/api/src/test-fixtures/shared-thread-previous-api.ts#L63
shared,scenario,createRunsApi,turbo/apps/api/src/signals/routes/__tests__/helpers/api-bdd-runs.ts,286,read,listAgentRuns -> listAgentRunsFixture -> agentRunList service; includes other public methods not counted separately,https://github.com/okou-ai/okou/blob/3412a46cc7e22a2295b10fe0a2419cd980bb420c/turbo/apps/api/src/signals/routes/__tests__/helpers/api-bdd-runs.ts#L286
shared,scenario,createRunReadsApi,turbo/apps/api/src/signals/routes/__tests__/helpers/api-bdd-run-reads.ts,83,read,requestListAgentRuns -> listAgentRunsFixture -> agentRunList service,https://github.com/okou-ai/okou/blob/3412a46cc7e22a2295b10fe0a2419cd980bb420c/turbo/apps/api/src/signals/routes/__tests__/helpers/api-bdd-run-reads.ts#L83
shared,scenario,seedBillingStatusOrg$,turbo/apps/api/src/signals/routes/__tests__/helpers/billing-status.ts,305,write,applyUsageAllowanceSeed -> insertUsageAllowanceWindows -> insertUsageAllowanceWindowsFixture writes allowance windows,https://github.com/okou-ai/okou/blob/3412a46cc7e22a2295b10fe0a2419cd980bb420c/turbo/apps/api/src/signals/routes/__tests__/helpers/billing-status.ts#L305
shared,scenario,installAutomaticMcpCatalog,turbo/apps/api/src/signals/routes/__tests__/helpers/connector-automatic-catalog.ts,150,write,installApiTestConnectorCatalog({catalog}) persists custom connector catalog,https://github.com/okou-ai/okou/blob/3412a46cc7e22a2295b10fe0a2419cd980bb420c/turbo/apps/api/src/signals/routes/__tests__/helpers/connector-automatic-catalog.ts#L150
shared,scenario,commitMemoryVersion,turbo/apps/api/src/signals/routes/__tests__/helpers/memory.ts,35,read,Test-only storage-fixture/action prepare/commit plus direct readStorageS3PrefixFixture and readStorageIdentityFixture; storage BDD calls are NOT public storage API,https://github.com/okou-ai/okou/blob/3412a46cc7e22a2295b10fe0a2419cd980bb420c/turbo/apps/api/src/signals/routes/__tests__/helpers/memory.ts#L35
shared,scenario,createGptUsagePricingResolution,turbo/apps/api/src/signals/routes/__tests__/helpers/chat-events-fixture.ts,228,write,createUsagePricingFixture creates custom pricing DB rows; cleanup registered,https://github.com/okou-ai/okou/blob/3412a46cc7e22a2295b10fe0a2419cd980bb420c/turbo/apps/api/src/signals/routes/__tests__/helpers/chat-events-fixture.ts#L228
shared,scenario,createPiUsagePricingResolution,turbo/apps/api/src/signals/routes/__tests__/helpers/chat-events-fixture.ts,238,write,createGptUsagePricingResolution or createUsagePricingFixture writes custom price rows,https://github.com/okou-ai/okou/blob/3412a46cc7e22a2295b10fe0a2419cd980bb420c/turbo/apps/api/src/signals/routes/__tests__/helpers/chat-events-fixture.ts#L238
shared,scenario,expectExactPrivatePiMemoryAdmission,turbo/apps/api/src/signals/routes/__tests__/helpers/chat-events-fixture.ts,361,read_write_driver,reads Pi conversation/candidate then readmitPiMemoryStage1CandidateFixture directly invokes private admission,https://github.com/okou-ai/okou/blob/3412a46cc7e22a2295b10fe0a2419cd980bb420c/turbo/apps/api/src/signals/routes/__tests__/helpers/chat-events-fixture.ts#L361
shared,scenario,createChatEventsFixture,turbo/apps/api/src/signals/routes/__tests__/helpers/chat-events-fixture.ts,515,read_write_driver,publishPendingPiInstructions reads canonical agent name; queueCapabilityProvenPiRun invokes private pricing; factory counted once incl returned methods,https://github.com/okou-ai/okou/blob/3412a46cc7e22a2295b10fe0a2419cd980bb420c/turbo/apps/api/src/signals/routes/__tests__/helpers/chat-events-fixture.ts#L515
shared,scenario,createPublicConnectorCatalog,turbo/apps/api/src/signals/routes/__tests__/helpers/public-connector-catalog.ts,26,operator_cron_driver,"publish stages mock artifact, sets CRON_SECRET, invokes authenticated production catalog sync to write case-specific catalog; not a user-public route",https://github.com/okou-ai/okou/blob/3412a46cc7e22a2295b10fe0a2419cd980bb420c/turbo/apps/api/src/signals/routes/__tests__/helpers/public-connector-catalog.ts#L26
shared,scenario,createPublicAutomaticCatalog,turbo/apps/api/src/signals/routes/__tests__/helpers/public-automatic-catalog.ts,19,operator_cron_driver,publish -> createPublicConnectorCatalog.publish operator-only catalog sync; count factory once,https://github.com/okou-ai/okou/blob/3412a46cc7e22a2295b10fe0a2419cd980bb420c/turbo/apps/api/src/signals/routes/__tests__/helpers/public-automatic-catalog.ts#L19
shared,scenario,createComputerUseBddApi,turbo/apps/api/src/signals/routes/__tests__/helpers/api-bdd-computer-use.ts,446,scoped_worker_driver,request screenshot cleanup -> cleanupCronClient -> cronComputerUseScreenshotCleanupRoutesForTest(commandIds) private scope on production cron URL,https://github.com/okou-ai/okou/blob/3412a46cc7e22a2295b10fe0a2419cd980bb420c/turbo/apps/api/src/signals/routes/__tests__/helpers/api-bdd-computer-use.ts#L446
shared,scenario,createPhase2TestScope,turbo/apps/api/src/signals/services/__tests__/pi-memory-phase2-job.test-fixture.ts,93,shared-scenario-db,"db() inserts/updates/selects storages, versions, candidates, jobs; factory cleanup folded",https://github.com/okou-ai/okou/blob/3412a46cc7e22a2295b10fe0a2419cd980bb420c/turbo/apps/api/src/signals/services/__tests__/pi-memory-phase2-job.test-fixture.ts#L93
shared,scenario,insertPhase2StorageVersion,turbo/apps/api/src/signals/services/__tests__/pi-memory-phase2-job.test-fixture.ts,217,shared-scenario-db,"db() inserts/updates/selects storages, versions, candidates, jobs; factory cleanup folded",https://github.com/okou-ai/okou/blob/3412a46cc7e22a2295b10fe0a2419cd980bb420c/turbo/apps/api/src/signals/services/__tests__/pi-memory-phase2-job.test-fixture.ts#L217
shared,scenario,setPhase2StorageHead,turbo/apps/api/src/signals/services/__tests__/pi-memory-phase2-job.test-fixture.ts,227,shared-scenario-db,"db() inserts/updates/selects storages, versions, candidates, jobs; factory cleanup folded",https://github.com/okou-ai/okou/blob/3412a46cc7e22a2295b10fe0a2419cd980bb420c/turbo/apps/api/src/signals/services/__tests__/pi-memory-phase2-job.test-fixture.ts#L227
shared,scenario,insertPhase2Candidates,turbo/apps/api/src/signals/services/__tests__/pi-memory-phase2-job.test-fixture.ts,249,shared-scenario-db,"db() inserts/updates/selects storages, versions, candidates, jobs; factory cleanup folded",https://github.com/okou-ai/okou/blob/3412a46cc7e22a2295b10fe0a2419cd980bb420c/turbo/apps/api/src/signals/services/__tests__/pi-memory-phase2-job.test-fixture.ts#L249
shared,scenario,insertPendingPhase2Job,turbo/apps/api/src/signals/services/__tests__/pi-memory-phase2-job.test-fixture.ts,326,shared-scenario-db,"db() inserts/updates/selects storages, versions, candidates, jobs; factory cleanup folded",https://github.com/okou-ai/okou/blob/3412a46cc7e22a2295b10fe0a2419cd980bb420c/turbo/apps/api/src/signals/services/__tests__/pi-memory-phase2-job.test-fixture.ts#L326
shared,scenario,readPhase2Job,turbo/apps/api/src/signals/services/__tests__/pi-memory-phase2-job.test-fixture.ts,358,shared-scenario-db,"db() inserts/updates/selects storages, versions, candidates, jobs; factory cleanup folded",https://github.com/okou-ai/okou/blob/3412a46cc7e22a2295b10fe0a2419cd980bb420c/turbo/apps/api/src/signals/services/__tests__/pi-memory-phase2-job.test-fixture.ts#L358
shared,scenario,captureFixtureRunBillings,turbo/apps/api/src/signals/services/billing-run-fixture.ts,11,shared-scenario-db,select agentRuns + insert billingRunAttribution (singular delegates to plural),https://github.com/okou-ai/okou/blob/3412a46cc7e22a2295b10fe0a2419cd980bb420c/turbo/apps/api/src/signals/services/billing-run-fixture.ts#L11
shared,scenario,captureFixtureRunBilling,turbo/apps/api/src/signals/services/billing-run-fixture.ts,48,shared-scenario-db,select agentRuns + insert billingRunAttribution (singular delegates to plural),https://github.com/okou-ai/okou/blob/3412a46cc7e22a2295b10fe0a2419cd980bb420c/turbo/apps/api/src/signals/services/billing-run-fixture.ts#L48
shared,scenario,cronComputerUseScreenshotCleanupRoutesForTest,turbo/apps/api/src/signals/routes/cron-computer-use-screenshot-cleanup.ts,39,shared-private-driver-factory,cleanupComputerUseScreenshots$ scoped by commandIds,https://github.com/okou-ai/okou/blob/3412a46cc7e22a2295b10fe0a2419cd980bb420c/turbo/apps/api/src/signals/routes/cron-computer-use-screenshot-cleanup.ts#L39
shared,scenario,createScopedHomeTaskRecommendationCronRoutesForTest,turbo/apps/api/src/signals/routes/cron-refresh-home-task-recommendations.ts,42,shared-private-driver-factory,refreshDueHomeTaskRecommendations$ scoped by HomeTaskScope,https://github.com/okou-ai/okou/blob/3412a46cc7e22a2295b10fe0a2419cd980bb420c/turbo/apps/api/src/signals/routes/cron-refresh-home-task-recommendations.ts#L42
shared,scenario,cleanupXResourceReadsForTest$,turbo/apps/api/src/signals/services/cron-cleanup-x-resource-reads.service.ts,86,shared-http-backend-private-driver,cleanupXResourceReadsBatch$ with private resourceIds,https://github.com/okou-ai/okou/blob/3412a46cc7e22a2295b10fe0a2419cd980bb420c/turbo/apps/api/src/signals/services/cron-cleanup-x-resource-reads.service.ts#L86
shared,scenario,cleanupTelegramMessagesForTest$,turbo/apps/api/src/signals/services/cron-telegram-cleanup.service.ts,70,shared-http-backend-private-driver,cleanupTelegramMessages with marker + test batchsize2,https://github.com/okou-ai/okou/blob/3412a46cc7e22a2295b10fe0a2419cd980bb420c/turbo/apps/api/src/signals/services/cron-telegram-cleanup.service.ts#L70
shared,scenario,cleanupConnectorOauthStatesForTest$,turbo/apps/api/src/signals/services/cron-connector-oauth-state-cleanup.service.ts,96,shared-http-backend-private-driver,cleanupConnectorOauthStates with marker owner + test batchsize1,https://github.com/okou-ai/okou/blob/3412a46cc7e22a2295b10fe0a2419cd980bb420c/turbo/apps/api/src/signals/services/cron-connector-oauth-state-cleanup.service.ts#L96
shared,scenario,steerRunNearTimeBudgetForTest$,turbo/apps/api/src/signals/services/cron-steer-run-time-budget.service.ts,203,shared-http-backend-private-driver,steerOwnedRunsNearTimeBudget$ selecting single run,https://github.com/okou-ai/okou/blob/3412a46cc7e22a2295b10fe0a2419cd980bb420c/turbo/apps/api/src/signals/services/cron-steer-run-time-budget.service.ts#L203
shared,scenario,acquireBuiltInModelKeyFixture,turbo/apps/api/src/signals/services/built-in-model-key-fixture.ts,49,shared-http-backend-db,transaction select/insert/update/delete builtInModelKeys fixture ownership,https://github.com/okou-ai/okou/blob/3412a46cc7e22a2295b10fe0a2419cd980bb420c/turbo/apps/api/src/signals/services/built-in-model-key-fixture.ts#L49
shared,scenario,releaseBuiltInModelKeyFixture,turbo/apps/api/src/signals/services/built-in-model-key-fixture.ts,108,shared-http-backend-db,transaction select/insert/update/delete builtInModelKeys fixture ownership,https://github.com/okou-ai/okou/blob/3412a46cc7e22a2295b10fe0a2419cd980bb420c/turbo/apps/api/src/signals/services/built-in-model-key-fixture.ts#L108
shared,scenario,ensureAgentInstructionsStorageFixture,turbo/apps/api/src/signals/routes/test-agent-instructions-storage.ts,21,shared-http-backend-db,insert/update storages and storageVersions,https://github.com/okou-ai/okou/blob/3412a46cc7e22a2295b10fe0a2419cd980bb420c/turbo/apps/api/src/signals/routes/test-agent-instructions-storage.ts#L21
local,scenario,seedLegacyMigrationFixture,turbo/apps/api/src/signals/routes/__tests__/billing-checkout.test.ts,5072,local-db-wrapper,seedOrgMetadata,https://github.com/okou-ai/okou/blob/3412a46cc7e22a2295b10fe0a2419cd980bb420c/turbo/apps/api/src/signals/routes/__tests__/billing-checkout.test.ts#L5072
local,scenario,seedManagedUsagePack,turbo/apps/api/src/signals/routes/__tests__/billing-checkout.test.ts,7072,local-db-wrapper,seedOrgMetadata,https://github.com/okou-ai/okou/blob/3412a46cc7e22a2295b10fe0a2419cd980bb420c/turbo/apps/api/src/signals/routes/__tests__/billing-checkout.test.ts#L7072
local,scenario,preparePiResourceHandoff,turbo/apps/api/src/signals/routes/__tests__/chat-events-model-routing.test.ts,91,local-db-wrapper,publishPendingPiInstructions,https://github.com/okou-ai/okou/blob/3412a46cc7e22a2295b10fe0a2419cd980bb420c/turbo/apps/api/src/signals/routes/__tests__/chat-events-model-routing.test.ts#L91
local,scenario,createAgentReadFixture,turbo/apps/api/src/signals/routes/__tests__/chat-thread-mark-agent-read.test.ts,49,local-db-wrapper,appendTerminalChatEventsFixture,https://github.com/okou-ai/okou/blob/3412a46cc7e22a2295b10fe0a2419cd980bb420c/turbo/apps/api/src/signals/routes/__tests__/chat-thread-mark-agent-read.test.ts#L49
local,scenario,unreadThreadIds,turbo/apps/api/src/signals/routes/__tests__/chat-thread-mark-agent-read.test.ts,196,local-db-wrapper,readSeededUnreadThreadIdsFixture,https://github.com/okou-ai/okou/blob/3412a46cc7e22a2295b10fe0a2419cd980bb420c/turbo/apps/api/src/signals/routes/__tests__/chat-thread-mark-agent-read.test.ts#L196
local,scenario,stagedWebhookAutomation,turbo/apps/api/src/signals/routes/__tests__/chat-thread-stored-selection.test.ts,201,local-db-wrapper,stageLegacyChatThreadSelectedModelFixture,https://github.com/okou-ai/okou/blob/3412a46cc7e22a2295b10fe0a2419cd980bb420c/turbo/apps/api/src/signals/routes/__tests__/chat-thread-stored-selection.test.ts#L201
local,scenario,fixture,turbo/apps/api/src/signals/routes/__tests__/connectors-automatic-security.catalog-generation.test.ts,39,local-db-wrapper,installAutomaticMcpCatalog,https://github.com/okou-ai/okou/blob/3412a46cc7e22a2295b10fe0a2419cd980bb420c/turbo/apps/api/src/signals/routes/__tests__/connectors-automatic-security.catalog-generation.test.ts#L39
local,scenario,fixture,turbo/apps/api/src/signals/routes/__tests__/connectors-automatic-security.test.ts,37,local-db-wrapper,installAutomaticMcpCatalog,https://github.com/okou-ai/okou/blob/3412a46cc7e22a2295b10fe0a2419cd980bb420c/turbo/apps/api/src/signals/routes/__tests__/connectors-automatic-security.test.ts#L37
local,scenario,fixture,turbo/apps/api/src/signals/routes/__tests__/connectors-automatic.catalog-generation.test.ts,39,local-db-wrapper,installAutomaticMcpCatalog,https://github.com/okou-ai/okou/blob/3412a46cc7e22a2295b10fe0a2419cd980bb420c/turbo/apps/api/src/signals/routes/__tests__/connectors-automatic.catalog-generation.test.ts#L39
local,scenario,fixture,turbo/apps/api/src/signals/routes/__tests__/connectors-automatic.test.ts,40,local-db-wrapper,installAutomaticMcpCatalog,https://github.com/okou-ai/okou/blob/3412a46cc7e22a2295b10fe0a2419cd980bb420c/turbo/apps/api/src/signals/routes/__tests__/connectors-automatic.test.ts#L40
local,scenario,checkpointedRun,turbo/apps/api/src/signals/routes/__tests__/conversation-history-deletion.test.ts,15,local-db-wrapper,readHistoryBlobReferenceCountFixture,https://github.com/okou-ai/okou/blob/3412a46cc7e22a2295b10fe0a2419cd980bb420c/turbo/apps/api/src/signals/routes/__tests__/conversation-history-deletion.test.ts#L15
local,scenario,createFeishuIntegrationFixture,turbo/apps/api/src/signals/routes/__tests__/feishu-integration.cases.ts,812,local-db-wrapper,setOrgDefaultAgentFixture,https://github.com/okou-ai/okou/blob/3412a46cc7e22a2295b10fe0a2419cd980bb420c/turbo/apps/api/src/signals/routes/__tests__/feishu-integration.cases.ts#L812
local,scenario,historicalSite,turbo/apps/api/src/signals/routes/__tests__/hosted-publication-migration.test.ts,18,local-db-wrapper,insertLegacyHostedSitePublicationFixture,https://github.com/okou-ai/okou/blob/3412a46cc7e22a2295b10fe0a2419cd980bb420c/turbo/apps/api/src/signals/routes/__tests__/hosted-publication-migration.test.ts#L18
local,scenario,createScopedImagePricing,turbo/apps/api/src/signals/routes/__tests__/image-io-generate.test.ts,511,local-db-wrapper,createUsagePricingFixture,https://github.com/okou-ai/okou/blob/3412a46cc7e22a2295b10fe0a2419cd980bb420c/turbo/apps/api/src/signals/routes/__tests__/image-io-generate.test.ts#L511
local,scenario,seedImageFixture,turbo/apps/api/src/signals/routes/__tests__/image-io-generate.test.ts,527,local-db-wrapper,seedOrgMetadata,https://github.com/okou-ai/okou/blob/3412a46cc7e22a2295b10fe0a2419cd980bb420c/turbo/apps/api/src/signals/routes/__tests__/image-io-generate.test.ts#L527
local,scenario,seedAdmittedImageRun,turbo/apps/api/src/signals/routes/__tests__/image-io-generate.test.ts,808,local-db-wrapper,seedOrgMetadata,https://github.com/okou-ai/okou/blob/3412a46cc7e22a2295b10fe0a2419cd980bb420c/turbo/apps/api/src/signals/routes/__tests__/image-io-generate.test.ts#L808
local,scenario,seedRunScopedImageRun,turbo/apps/api/src/signals/routes/__tests__/image-io-generate.test.ts,848,local-db-wrapper,seedOrgMetadata,https://github.com/okou-ai/okou/blob/3412a46cc7e22a2295b10fe0a2419cd980bb420c/turbo/apps/api/src/signals/routes/__tests__/image-io-generate.test.ts#L848
local,scenario,seedImageRun,turbo/apps/api/src/signals/routes/__tests__/image-io-generate.test.ts,863,local-db-wrapper,setRunImageModelFixture,https://github.com/okou-ai/okou/blob/3412a46cc7e22a2295b10fe0a2419cd980bb420c/turbo/apps/api/src/signals/routes/__tests__/image-io-generate.test.ts#L863
local,scenario,runForPrompt,turbo/apps/api/src/signals/routes/__tests__/integrations-telegram-post.test.ts,367,local-db-wrapper,runsApi.listAgentRuns,https://github.com/okou-ai/okou/blob/3412a46cc7e22a2295b10fe0a2419cd980bb420c/turbo/apps/api/src/signals/routes/__tests__/integrations-telegram-post.test.ts#L367
local,scenario,connectedActor,turbo/apps/api/src/signals/routes/__tests__/model-route-capabilities.test.ts,21,local-db-wrapper,upsertOrgPlanEntitlementFixture,https://github.com/okou-ai/okou/blob/3412a46cc7e22a2295b10fe0a2419cd980bb420c/turbo/apps/api/src/signals/routes/__tests__/model-route-capabilities.test.ts#L21
local,scenario,insertSubscriptionModel,turbo/apps/api/src/signals/routes/__tests__/model-route-capabilities.test.ts,35,local-db-wrapper,insertSubscriptionRouteCapabilitiesFixture,https://github.com/okou-ai/okou/blob/3412a46cc7e22a2295b10fe0a2419cd980bb420c/turbo/apps/api/src/signals/routes/__tests__/model-route-capabilities.test.ts#L35
local,scenario,prepareOfficialQueueEncoding,turbo/apps/api/src/signals/routes/__tests__/official-workflows.test.ts,1433,local-db-wrapper,readOfficialWorkflowQueueInputFixture; appendOfficialWorkflowQueueInputFixture,https://github.com/okou-ai/okou/blob/3412a46cc7e22a2295b10fe0a2419cd980bb420c/turbo/apps/api/src/signals/routes/__tests__/official-workflows.test.ts#L1433
local,scenario,installStaleAdmissionScenario,turbo/apps/api/src/signals/routes/__tests__/official-workflows.test.ts,1716,local-db-wrapper,runs.listAgentRuns,https://github.com/okou-ai/okou/blob/3412a46cc7e22a2295b10fe0a2419cd980bb420c/turbo/apps/api/src/signals/routes/__tests__/official-workflows.test.ts#L1716
local,scenario,setupBriefWithChangedOrgDefaultAgent,turbo/apps/api/src/signals/routes/__tests__/official-workflows.test.ts,2002,local-db-wrapper,setOrgDefaultAgentFixture,https://github.com/okou-ai/okou/blob/3412a46cc7e22a2295b10fe0a2419cd980bb420c/turbo/apps/api/src/signals/routes/__tests__/official-workflows.test.ts#L2002
local,scenario,prepareEmptyInstallation,turbo/apps/api/src/signals/routes/__tests__/official-workflows.test.ts,4846,local-db-wrapper,runs.listAgentRuns,https://github.com/okou-ai/okou/blob/3412a46cc7e22a2295b10fe0a2419cd980bb420c/turbo/apps/api/src/signals/routes/__tests__/official-workflows.test.ts#L4846
local,scenario,createPricingFixture,turbo/apps/api/src/signals/routes/__tests__/people-search.test.ts,350,local-db-wrapper,createUsagePricingFixture,https://github.com/okou-ai/okou/blob/3412a46cc7e22a2295b10fe0a2419cd980bb420c/turbo/apps/api/src/signals/routes/__tests__/people-search.test.ts#L350
local,scenario,createFixture,turbo/apps/api/src/signals/routes/__tests__/private-artifact-generation.test.ts,53,local-db-wrapper,createUsagePricingFixture,https://github.com/okou-ai/okou/blob/3412a46cc7e22a2295b10fe0a2419cd980bb420c/turbo/apps/api/src/signals/routes/__tests__/private-artifact-generation.test.ts#L53
local,scenario,expectArchiveDownload,turbo/apps/api/src/signals/routes/__tests__/registry-resources-download.test.ts,374,local-db-wrapper,seedPrivateRegistryResourceVersionFixture,https://github.com/okou-ai/okou/blob/3412a46cc7e22a2295b10fe0a2419cd980bb420c/turbo/apps/api/src/signals/routes/__tests__/registry-resources-download.test.ts#L374
local,scenario,setActorCredits,turbo/apps/api/src/signals/routes/__tests__/scrape.test.ts,129,local-db-wrapper,seedOrgMetadata,https://github.com/okou-ai/okou/blob/3412a46cc7e22a2295b10fe0a2419cd980bb420c/turbo/apps/api/src/signals/routes/__tests__/scrape.test.ts#L129
local,scenario,createScrapePricingFixture,turbo/apps/api/src/signals/routes/__tests__/scrape.test.ts,413,local-db-wrapper,createUsagePricingFixture,https://github.com/okou-ai/okou/blob/3412a46cc7e22a2295b10fe0a2419cd980bb420c/turbo/apps/api/src/signals/routes/__tests__/scrape.test.ts#L413
local,scenario,setupBacklinksTest,turbo/apps/api/src/signals/routes/__tests__/seo-backlinks.test.ts,24,local-db-wrapper,createUsagePricingFixture,https://github.com/okou-ai/okou/blob/3412a46cc7e22a2295b10fe0a2419cd980bb420c/turbo/apps/api/src/signals/routes/__tests__/seo-backlinks.test.ts#L24
local,scenario,setupSerpTest,turbo/apps/api/src/signals/routes/__tests__/seo-serp-retry.test.ts,23,local-db-wrapper,createUsagePricingFixture,https://github.com/okou-ai/okou/blob/3412a46cc7e22a2295b10fe0a2419cd980bb420c/turbo/apps/api/src/signals/routes/__tests__/seo-serp-retry.test.ts#L23
local,scenario,fixture,turbo/apps/api/src/signals/routes/__tests__/shared-thread-artifacts.test.ts,94,local-db-wrapper,completeHostedSiteWithoutDependencyIndex,https://github.com/okou-ai/okou/blob/3412a46cc7e22a2295b10fe0a2419cd980bb420c/turbo/apps/api/src/signals/routes/__tests__/shared-thread-artifacts.test.ts#L94
local,scenario,pricing,turbo/apps/api/src/signals/routes/__tests__/social-data.test.ts,80,local-db-wrapper,createUsagePricingFixture,https://github.com/okou-ai/okou/blob/3412a46cc7e22a2295b10fe0a2419cd980bb420c/turbo/apps/api/src/signals/routes/__tests__/social-data.test.ts#L80
local,scenario,configuredFixture,turbo/apps/api/src/signals/routes/__tests__/social-downloads.test.ts,76,local-db-wrapper,createUsagePricingFixture; deleteSocialKitDownloadJobsForOwner,https://github.com/okou-ai/okou/blob/3412a46cc7e22a2295b10fe0a2419cd980bb420c/turbo/apps/api/src/signals/routes/__tests__/social-downloads.test.ts#L76
local,scenario,setupConfiguredPricing,turbo/apps/api/src/signals/routes/__tests__/social.test.ts,403,local-db-wrapper,createUsagePricingFixture,https://github.com/okou-ai/okou/blob/3412a46cc7e22a2295b10fe0a2419cd980bb420c/turbo/apps/api/src/signals/routes/__tests__/social.test.ts#L403
local,scenario,setupMissingPricing,turbo/apps/api/src/signals/routes/__tests__/social.test.ts,419,local-db-wrapper,createUsagePricingFixture,https://github.com/okou-ai/okou/blob/3412a46cc7e22a2295b10fe0a2419cd980bb420c/turbo/apps/api/src/signals/routes/__tests__/social.test.ts#L419
local,scenario,checkoutUsagePackLifecycle,turbo/apps/api/src/signals/routes/__tests__/usage-pack-subscription-lifecycle.test.ts,321,local-db-wrapper,seedOrgMetadata,https://github.com/okou-ai/okou/blob/3412a46cc7e22a2295b10fe0a2419cd980bb420c/turbo/apps/api/src/signals/routes/__tests__/usage-pack-subscription-lifecycle.test.ts#L321
local,scenario,voiceActor,turbo/apps/api/src/signals/routes/__tests__/voice-io-transcribe.test.ts,139,local-db-wrapper,seedOrgMetadata,https://github.com/okou-ai/okou/blob/3412a46cc7e22a2295b10fe0a2419cd980bb420c/turbo/apps/api/src/signals/routes/__tests__/voice-io-transcribe.test.ts#L139
local,scenario,prepareFreeWeatherActor,turbo/apps/api/src/signals/routes/__tests__/weather.test.ts,97,local-db-wrapper,createUsagePricingFixture,https://github.com/okou-ai/okou/blob/3412a46cc7e22a2295b10fe0a2419cd980bb420c/turbo/apps/api/src/signals/routes/__tests__/weather.test.ts#L97
local,scenario,setupConfiguredWebSearchPricing,turbo/apps/api/src/signals/routes/__tests__/web-search.test.ts,329,local-db-wrapper,createUsagePricingFixture,https://github.com/okou-ai/okou/blob/3412a46cc7e22a2295b10fe0a2419cd980bb420c/turbo/apps/api/src/signals/routes/__tests__/web-search.test.ts#L329
local,scenario,setupMissingWebSearchPricing,turbo/apps/api/src/signals/routes/__tests__/web-search.test.ts,345,local-db-wrapper,createUsagePricingFixture,https://github.com/okou-ai/okou/blob/3412a46cc7e22a2295b10fe0a2419cd980bb420c/turbo/apps/api/src/signals/routes/__tests__/web-search.test.ts#L345
local,scenario,verifyNotionWebhook,turbo/apps/api/src/signals/routes/__tests__/webhooks-notion.test.ts,344,local-db-wrapper,resetNotionWebhookVerification,https://github.com/okou-ai/okou/blob/3412a46cc7e22a2295b10fe0a2419cd980bb420c/turbo/apps/api/src/signals/routes/__tests__/webhooks-notion.test.ts#L344
local,scenario,createWorkflowSkillRunFixture,turbo/apps/api/src/signals/routes/__tests__/workflow-skill-storage-presigned-url-cache.suite.ts,165,local-db-wrapper,readStorageS3PrefixFixture,https://github.com/okou-ai/okou/blob/3412a46cc7e22a2295b10fe0a2419cd980bb420c/turbo/apps/api/src/signals/routes/__tests__/workflow-skill-storage-presigned-url-cache.suite.ts#L165
local,scenario,createReadOnlySkillRunFixture,turbo/apps/api/src/signals/routes/__tests__/workflow-skill-storage-presigned-url-cache.suite.ts,210,local-db-wrapper,readStorageS3PrefixFixture,https://github.com/okou-ai/okou/blob/3412a46cc7e22a2295b10fe0a2419cd980bb420c/turbo/apps/api/src/signals/routes/__tests__/workflow-skill-storage-presigned-url-cache.suite.ts#L210
local,scenario,makePending,turbo/apps/api/src/signals/routes/__tests__/workflow-volume-index-reuse.test.ts,182,local-db-wrapper,alterRegisteredVolumeIndexFixture,https://github.com/okou-ai/okou/blob/3412a46cc7e22a2295b10fe0a2419cd980bb420c/turbo/apps/api/src/signals/routes/__tests__/workflow-volume-index-reuse.test.ts#L182
local,scenario,trackedPendingSeed,turbo/apps/api/src/signals/routes/__tests__/billing-checkout.test.ts,993,local-db-wrapper-transitive,createOnboardingPaymentPendingOrg,https://github.com/okou-ai/okou/blob/3412a46cc7e22a2295b10fe0a2419cd980bb420c/turbo/apps/api/src/signals/routes/__tests__/billing-checkout.test.ts#L993
local,scenario,confirmPendingUsagePackUpgrade,turbo/apps/api/src/signals/routes/__tests__/billing-checkout.test.ts,13043,local-db-wrapper-transitive,seedManagedUsagePack,https://github.com/okou-ai/okou/blob/3412a46cc7e22a2295b10fe0a2419cd980bb420c/turbo/apps/api/src/signals/routes/__tests__/billing-checkout.test.ts#L13043
local,scenario,trackedSeed,turbo/apps/api/src/signals/routes/__tests__/billing-checkout.test.ts,17184,local-db-wrapper-transitive,createOnboardingPaymentPendingOrg,https://github.com/okou-ai/okou/blob/3412a46cc7e22a2295b10fe0a2419cd980bb420c/turbo/apps/api/src/signals/routes/__tests__/billing-checkout.test.ts#L17184
local,scenario,publicFundedImageFixture,turbo/apps/api/src/signals/routes/__tests__/image-io-generate.test.ts,549,local-db-wrapper-transitive,createScopedImagePricing,https://github.com/okou-ai/okou/blob/3412a46cc7e22a2295b10fe0a2419cd980bb420c/turbo/apps/api/src/signals/routes/__tests__/image-io-generate.test.ts#L549
local,scenario,runCanonicalTelegramForumScenario,turbo/apps/api/src/signals/routes/__tests__/integrations-telegram-post.test.ts,1350,local-db-wrapper-transitive,runForPrompt; runCountFor,https://github.com/okou-ai/okou/blob/3412a46cc7e22a2295b10fe0a2419cd980bb420c/turbo/apps/api/src/signals/routes/__tests__/integrations-telegram-post.test.ts#L1350
local,scenario,createAdmittedScrapeRun,turbo/apps/api/src/signals/routes/__tests__/scrape.test.ts,374,local-db-wrapper-transitive,setActorCredits,https://github.com/okou-ai/okou/blob/3412a46cc7e22a2295b10fe0a2419cd980bb420c/turbo/apps/api/src/signals/routes/__tests__/scrape.test.ts#L374
local,scenario,seedActor,turbo/apps/api/src/signals/routes/__tests__/seo.test.ts,70,local-db-wrapper-transitive,seedSeoPricing,https://github.com/okou-ai/okou/blob/3412a46cc7e22a2295b10fe0a2419cd980bb420c/turbo/apps/api/src/signals/routes/__tests__/seo.test.ts#L70
local,scenario,createUnfundedActor,turbo/apps/api/src/signals/routes/__tests__/seo.test.ts,81,local-db-wrapper-transitive,seedSeoPricing,https://github.com/okou-ai/okou/blob/3412a46cc7e22a2295b10fe0a2419cd980bb420c/turbo/apps/api/src/signals/routes/__tests__/seo.test.ts#L81
local,scenario,seedActor,turbo/apps/api/src/signals/routes/__tests__/social-data.test.ts,97,local-db-wrapper-transitive,pricing,https://github.com/okou-ai/okou/blob/3412a46cc7e22a2295b10fe0a2419cd980bb420c/turbo/apps/api/src/signals/routes/__tests__/social-data.test.ts#L97
local,scenario,fundActorWithSubscription,turbo/apps/api/src/signals/routes/__tests__/social.test.ts,244,local-db-wrapper-transitive,cleanupFundedSocialActor,https://github.com/okou-ai/okou/blob/3412a46cc7e22a2295b10fe0a2419cd980bb420c/turbo/apps/api/src/signals/routes/__tests__/social.test.ts#L244
local,scenario,prepareScenario,turbo/apps/api/src/signals/routes/__tests__/social.test.ts,3452,local-db-wrapper-transitive,setupConfiguredPricing,https://github.com/okou-ai/okou/blob/3412a46cc7e22a2295b10fe0a2419cd980bb420c/turbo/apps/api/src/signals/routes/__tests__/social.test.ts#L3452
local,scenario,fundActor,turbo/apps/api/src/signals/routes/__tests__/web-search.test.ts,133,local-db-wrapper-transitive,setActorCredits,https://github.com/okou-ai/okou/blob/3412a46cc7e22a2295b10fe0a2419cd980bb420c/turbo/apps/api/src/signals/routes/__tests__/web-search.test.ts#L133
local,scenario,publishWithUnavailableMethod,turbo/apps/api/src/signals/routes/__tests__/connectors-unavailable-methods.catalog-generation.test.ts,17,local-private-driver-wrapper,publisher.publish → cronConnectorCatalogContract.sync usingCRON_SECRET,https://github.com/okou-ai/okou/blob/3412a46cc7e22a2295b10fe0a2419cd980bb420c/turbo/apps/api/src/signals/routes/__tests__/connectors-unavailable-methods.catalog-generation.test.ts#L17
local,scenario,cronClient,turbo/apps/api/src/signals/routes/__tests__/home-task-recommendations.test.ts,55,local-private-driver-wrapper,createScopedHomeTaskRecommendationCronRoutesForTest,https://github.com/okou-ai/okou/blob/3412a46cc7e22a2295b10fe0a2419cd980bb420c/turbo/apps/api/src/signals/routes/__tests__/home-task-recommendations.test.ts#L55
local,scenario,cronClient,turbo/apps/api/src/signals/services/__tests__/home-task-recommendations-cache.service.test.ts,54,local-private-driver-wrapper,createScopedHomeTaskRecommendationCronRoutesForTest,https://github.com/okou-ai/okou/blob/3412a46cc7e22a2295b10fe0a2419cd980bb420c/turbo/apps/api/src/signals/services/__tests__/home-task-recommendations-cache.service.test.ts#L54
local,scenario,createRelationHarness,turbo/apps/api/src/signals/services/__tests__/agent-draft-write.service.test.ts,36,local-private-db-or-service-helper,adminDb.execute,https://github.com/okou-ai/okou/blob/3412a46cc7e22a2295b10fe0a2419cd980bb420c/turbo/apps/api/src/signals/services/__tests__/agent-draft-write.service.test.ts#L36
local,scenario,selectDraft,turbo/apps/api/src/signals/services/__tests__/agent-draft-write.service.test.ts,112,local-private-db-or-service-helper,"db
    .select",https://github.com/okou-ai/okou/blob/3412a46cc7e22a2295b10fe0a2419cd980bb420c/turbo/apps/api/src/signals/services/__tests__/agent-draft-write.service.test.ts#L112
local,scenario,createHarness,turbo/apps/api/src/signals/services/__tests__/custom-connector-oauth-write.service.test.ts,26,local-private-db-or-service-helper,adminDb.execute; drizzle(setupClient).transaction; tx.execute,https://github.com/okou-ai/okou/blob/3412a46cc7e22a2295b10fe0a2419cd980bb420c/turbo/apps/api/src/signals/services/__tests__/custom-connector-oauth-write.service.test.ts#L26
local,scenario,insertConnector,turbo/apps/api/src/signals/services/__tests__/custom-connector-oauth-write.service.test.ts,125,local-private-db-or-service-helper,tx.insert,https://github.com/okou-ai/okou/blob/3412a46cc7e22a2295b10fe0a2419cd980bb420c/turbo/apps/api/src/signals/services/__tests__/custom-connector-oauth-write.service.test.ts#L125
local,scenario,setMode,turbo/apps/api/src/signals/services/__tests__/custom-connector-oauth-write.service.test.ts,142,local-private-db-or-service-helper,"tx
    .update",https://github.com/okou-ai/okou/blob/3412a46cc7e22a2295b10fe0a2419cd980bb420c/turbo/apps/api/src/signals/services/__tests__/custom-connector-oauth-write.service.test.ts#L142
local,scenario,insertConfig,turbo/apps/api/src/signals/services/__tests__/custom-connector-oauth-write.service.test.ts,153,local-private-db-or-service-helper,tx.insert,https://github.com/okou-ai/okou/blob/3412a46cc7e22a2295b10fe0a2419cd980bb420c/turbo/apps/api/src/signals/services/__tests__/custom-connector-oauth-write.service.test.ts#L153
local,scenario,deleteConfig,turbo/apps/api/src/signals/services/__tests__/custom-connector-oauth-write.service.test.ts,166,local-private-db-or-service-helper,"tx
    .delete",https://github.com/okou-ai/okou/blob/3412a46cc7e22a2295b10fe0a2419cd980bb420c/turbo/apps/api/src/signals/services/__tests__/custom-connector-oauth-write.service.test.ts#L166
local,scenario,createConnector,turbo/apps/api/src/signals/services/__tests__/custom-connector-oauth-write.service.test.ts,172,local-private-db-or-service-helper,db.transaction,https://github.com/okou-ai/okou/blob/3412a46cc7e22a2295b10fe0a2419cd980bb420c/turbo/apps/api/src/signals/services/__tests__/custom-connector-oauth-write.service.test.ts#L172
local,scenario,readState,turbo/apps/api/src/signals/services/__tests__/custom-connector-oauth-write.service.test.ts,187,local-private-db-or-service-helper,"db
    .select",https://github.com/okou-ai/okou/blob/3412a46cc7e22a2295b10fe0a2419cd980bb420c/turbo/apps/api/src/signals/services/__tests__/custom-connector-oauth-write.service.test.ts#L187
local,scenario,cachedUrls,turbo/apps/api/src/signals/services/__tests__/execution-storage.service.test.ts,73,local-private-db-or-service-helper,"db()
    .select; db",https://github.com/okou-ai/okou/blob/3412a46cc7e22a2295b10fe0a2419cd980bb420c/turbo/apps/api/src/signals/services/__tests__/execution-storage.service.test.ts#L73
local,scenario,createHarness,turbo/apps/api/src/signals/services/__tests__/hosted-site-scope.service.test.ts,42,local-private-db-or-service-helper,admin.execute; drizzle(setupClient).transaction; tx.execute,https://github.com/okou-ai/okou/blob/3412a46cc7e22a2295b10fe0a2419cd980bb420c/turbo/apps/api/src/signals/services/__tests__/hosted-site-scope.service.test.ts#L42
local,scenario,seedRun,turbo/apps/api/src/signals/services/__tests__/hosted-site-scope.service.test.ts,153,local-private-db-or-service-helper,db.execute,https://github.com/okou-ai/okou/blob/3412a46cc7e22a2295b10fe0a2419cd980bb420c/turbo/apps/api/src/signals/services/__tests__/hosted-site-scope.service.test.ts#L153
local,scenario,createDeployment,turbo/apps/api/src/signals/services/__tests__/hosted-site-scope.service.test.ts,166,local-private-db-or-service-helper,createHostedSiteDeployment,https://github.com/okou-ai/okou/blob/3412a46cc7e22a2295b10fe0a2419cd980bb420c/turbo/apps/api/src/signals/services/__tests__/hosted-site-scope.service.test.ts#L166
local,scenario,requireDeployment,turbo/apps/api/src/signals/services/__tests__/hosted-site-scope.service.test.ts,173,local-private-db-or-service-helper,createDeployment,https://github.com/okou-ai/okou/blob/3412a46cc7e22a2295b10fe0a2419cd980bb420c/turbo/apps/api/src/signals/services/__tests__/hosted-site-scope.service.test.ts#L173
local,scenario,createHarness,turbo/apps/api/src/signals/services/__tests__/org-plan-entitlements.service.test.ts,32,local-private-db-or-service-helper,adminDb.execute; drizzle(setupClient).transaction; tx.execute,https://github.com/okou-ai/okou/blob/3412a46cc7e22a2295b10fe0a2419cd980bb420c/turbo/apps/api/src/signals/services/__tests__/org-plan-entitlements.service.test.ts#L32
local,scenario,createMetadata,turbo/apps/api/src/signals/services/__tests__/org-plan-entitlements.service.test.ts,88,local-private-db-or-service-helper,"tx
    .insert",https://github.com/okou-ai/okou/blob/3412a46cc7e22a2295b10fe0a2419cd980bb420c/turbo/apps/api/src/signals/services/__tests__/org-plan-entitlements.service.test.ts#L88
local,scenario,entitlement,turbo/apps/api/src/signals/services/__tests__/org-plan-entitlements.service.test.ts,103,local-private-db-or-service-helper,"db
    .select",https://github.com/okou-ai/okou/blob/3412a46cc7e22a2295b10fe0a2419cd980bb420c/turbo/apps/api/src/signals/services/__tests__/org-plan-entitlements.service.test.ts#L103
local,scenario,harness,turbo/apps/api/src/signals/services/__tests__/pi-memory-candidate-accounting.service.test.ts,64,local-private-db-or-service-helper,admin.execute; db.execute; pool.query,https://github.com/okou-ai/okou/blob/3412a46cc7e22a2295b10fe0a2419cd980bb420c/turbo/apps/api/src/signals/services/__tests__/pi-memory-candidate-accounting.service.test.ts#L64
local,scenario,deleteClerkFixtureLifecycle,turbo/apps/api/src/signals/services/__tests__/pi-memory-candidate-accounting.service.test.ts,148,local-private-db-or-service-helper,,https://github.com/okou-ai/okou/blob/3412a46cc7e22a2295b10fe0a2419cd980bb420c/turbo/apps/api/src/signals/services/__tests__/pi-memory-candidate-accounting.service.test.ts#L148
local,scenario,owner,turbo/apps/api/src/signals/services/__tests__/pi-memory-candidate-accounting.service.test.ts,170,local-private-db-or-service-helper,db.insert,https://github.com/okou-ai/okou/blob/3412a46cc7e22a2295b10fe0a2419cd980bb420c/turbo/apps/api/src/signals/services/__tests__/pi-memory-candidate-accounting.service.test.ts#L170
local,scenario,blob,turbo/apps/api/src/signals/services/__tests__/pi-memory-candidate-accounting.service.test.ts,200,local-private-db-or-service-helper,db.insert,https://github.com/okou-ai/okou/blob/3412a46cc7e22a2295b10fe0a2419cd980bb420c/turbo/apps/api/src/signals/services/__tests__/pi-memory-candidate-accounting.service.test.ts#L200
local,scenario,refs,turbo/apps/api/src/signals/services/__tests__/pi-memory-candidate-accounting.service.test.ts,210,local-private-db-or-service-helper,"db
    .select",https://github.com/okou-ai/okou/blob/3412a46cc7e22a2295b10fe0a2419cd980bb420c/turbo/apps/api/src/signals/services/__tests__/pi-memory-candidate-accounting.service.test.ts#L210
local,scenario,source,turbo/apps/api/src/signals/services/__tests__/pi-memory-candidate-accounting.service.test.ts,217,local-private-db-or-service-helper,"h.db.insert; h.db
    .insert; h.db.transaction; tx.insert",https://github.com/okou-ai/okou/blob/3412a46cc7e22a2295b10fe0a2419cd980bb420c/turbo/apps/api/src/signals/services/__tests__/pi-memory-candidate-accounting.service.test.ts#L217
local,scenario,admit,turbo/apps/api/src/signals/services/__tests__/pi-memory-candidate-accounting.service.test.ts,319,local-private-db-or-service-helper,h.db.transaction,https://github.com/okou-ai/okou/blob/3412a46cc7e22a2295b10fe0a2419cd980bb420c/turbo/apps/api/src/signals/services/__tests__/pi-memory-candidate-accounting.service.test.ts#L319
local,scenario,deleteSourceLifecycle,turbo/apps/api/src/signals/services/__tests__/pi-memory-candidate-accounting.service.test.ts,649,local-private-db-or-service-helper,"h.db.transaction; tx
      .select; tx
            .select; tx.delete",https://github.com/okou-ai/okou/blob/3412a46cc7e22a2295b10fe0a2419cd980bb420c/turbo/apps/api/src/signals/services/__tests__/pi-memory-candidate-accounting.service.test.ts#L649
local,scenario,attachCheckpoint,turbo/apps/api/src/signals/services/__tests__/pi-memory-candidate-accounting.service.test.ts,709,local-private-db-or-service-helper,"h.db
    .select; h.db.insert; h.db
    .update; h.db
          .select",https://github.com/okou-ai/okou/blob/3412a46cc7e22a2295b10fe0a2419cd980bb420c/turbo/apps/api/src/signals/services/__tests__/pi-memory-candidate-accounting.service.test.ts#L709
local,scenario,harness,turbo/apps/api/src/signals/services/__tests__/pi-memory-stage1-schedule.service.test.ts,52,local-private-db-or-service-helper,"admin.query; db.execute; pool.query; db.insert; db
        .insert; db
      .select; db
      .insert; db.transaction; tx
        .insert; createHash(""sha256"").update; db.select",https://github.com/okou-ai/okou/blob/3412a46cc7e22a2295b10fe0a2419cd980bb420c/turbo/apps/api/src/signals/services/__tests__/pi-memory-stage1-schedule.service.test.ts#L52
local,scenario,harness,turbo/apps/api/src/signals/services/__tests__/pi-memory-stage1-usage.service.test.ts,19,local-private-db-or-service-helper,pool.query,https://github.com/okou-ai/okou/blob/3412a46cc7e22a2295b10fe0a2419cd980bb420c/turbo/apps/api/src/signals/services/__tests__/pi-memory-stage1-usage.service.test.ts#L19
local,scenario,createHarness,turbo/apps/api/src/signals/services/__tests__/usage-pack-pending-snapshot.service.test.ts,40,local-private-db-or-service-helper,admin.execute; drizzle(setupClient).transaction; tx.execute,https://github.com/okou-ai/okou/blob/3412a46cc7e22a2295b10fe0a2419cd980bb420c/turbo/apps/api/src/signals/services/__tests__/usage-pack-pending-snapshot.service.test.ts#L40
local,scenario,insert,turbo/apps/api/src/signals/services/__tests__/usage-pack-pending-snapshot.service.test.ts,111,local-private-db-or-service-helper,tx.insert,https://github.com/okou-ai/okou/blob/3412a46cc7e22a2295b10fe0a2419cd980bb420c/turbo/apps/api/src/signals/services/__tests__/usage-pack-pending-snapshot.service.test.ts#L111
local,scenario,transition,turbo/apps/api/src/signals/services/__tests__/usage-pack-pending-snapshot.service.test.ts,118,local-private-db-or-service-helper,"tx
      .update",https://github.com/okou-ai/okou/blob/3412a46cc7e22a2295b10fe0a2419cd980bb420c/turbo/apps/api/src/signals/services/__tests__/usage-pack-pending-snapshot.service.test.ts#L118
local,scenario,guard,turbo/apps/api/src/signals/services/__tests__/usage-pack-pending-snapshot.service.test.ts,132,local-private-db-or-service-helper,"db
    .select",https://github.com/okou-ai/okou/blob/3412a46cc7e22a2295b10fe0a2419cd980bb420c/turbo/apps/api/src/signals/services/__tests__/usage-pack-pending-snapshot.service.test.ts#L132
local,scenario,grandfather,turbo/apps/api/src/signals/services/__tests__/usage-pack-pending-snapshot.service.test.ts,140,local-private-db-or-service-helper,"db.transaction; tx
        .delete; tx.insert",https://github.com/okou-ai/okou/blob/3412a46cc7e22a2295b10fe0a2419cd980bb420c/turbo/apps/api/src/signals/services/__tests__/usage-pack-pending-snapshot.service.test.ts#L140
benchmark-shared,scenario,seedUserModelProvider$,turbo/apps/api/src/signals/routes/__benches__/helpers/model-providers.ts,19,benchmark-shared-db,seedPersonalSubscription(writeDb$) writes modelProviders/accounts/secrets,https://github.com/okou-ai/okou/blob/3412a46cc7e22a2295b10fe0a2419cd980bb420c/turbo/apps/api/src/signals/routes/__benches__/helpers/model-providers.ts#L19
benchmark-local,scenario,ensureSeeded,turbo/apps/api/src/signals/routes/__benches__/chat-threads.bench.ts,542,benchmark-local-db-helper,seedBenchChatThread/seedBackgroundLoad/seedTargetThreadRuns/seedSideEffectFreeGetData/logPlannerDiagnostic,https://github.com/okou-ai/okou/blob/3412a46cc7e22a2295b10fe0a2419cd980bb420c/turbo/apps/api/src/signals/routes/__benches__/chat-threads.bench.ts#L542
benchmark-local,scenario,insertChunks,turbo/apps/api/src/signals/services/__benches__/system-storage-presigned-url-cache.bench.ts,179,benchmark-local-db-helper,writeDb$ insert systemStoragePresignedUrlCache,https://github.com/okou-ai/okou/blob/3412a46cc7e22a2295b10fe0a2419cd980bb420c/turbo/apps/api/src/signals/services/__benches__/system-storage-presigned-url-cache.bench.ts#L179
benchmark-local,scenario,assertFixtureLookupBatches,turbo/apps/api/src/signals/services/__benches__/system-storage-presigned-url-cache.bench.ts,327,benchmark-local-db-helper,prefetchFixture → createStorageManifestPresignedUrlCacheRows,https://github.com/okou-ai/okou/blob/3412a46cc7e22a2295b10fe0a2419cd980bb420c/turbo/apps/api/src/signals/services/__benches__/system-storage-presigned-url-cache.bench.ts#L327
benchmark-local,scenario,resolveFixture,turbo/apps/api/src/signals/services/__benches__/system-storage-presigned-url-cache.bench.ts,342,benchmark-local-db-helper,internal cache read/presign resolution,https://github.com/okou-ai/okou/blob/3412a46cc7e22a2295b10fe0a2419cd980bb420c/turbo/apps/api/src/signals/services/__benches__/system-storage-presigned-url-cache.bench.ts#L342
benchmark-local,scenario,resolveFixtureWithExpiredRows,turbo/apps/api/src/signals/services/__benches__/system-storage-presigned-url-cache.bench.ts,403,benchmark-local-db-helper,writeDb$ update cache expiry,https://github.com/okou-ai/okou/blob/3412a46cc7e22a2295b10fe0a2419cd980bb420c/turbo/apps/api/src/signals/services/__benches__/system-storage-presigned-url-cache.bench.ts#L403
benchmark-local,scenario,ensureSeeded,turbo/apps/api/src/signals/services/__benches__/system-storage-presigned-url-cache.bench.ts,428,benchmark-local-db-helper,insertChunks + ANALYZE + logQueryPlan,https://github.com/okou-ai/okou/blob/3412a46cc7e22a2295b10fe0a2419cd980bb420c/turbo/apps/api/src/signals/services/__benches__/system-storage-presigned-url-cache.bench.ts#L428
