cohort,candidate_revision,label,kind,arm,run_id,pair,api_status,execution_valid,api_to_spawn_ms,api_to_agent_ready_ms,handoff_ms,primary_metric_available,formal_primary_eligible,expected_counter,verified_counter_after_completion,verified_path,exclusion_reason
smoke3,v1,smoke3-seed,seed,baseline,81dd7002-1f66-49a0-89b1-30bcf3359a9a,,failed,False,872,1009,,True,False,0,,,preflight_seed_cli_marker_failure
smoke4,v1,smoke4-p01-1-candidate,sample,candidate,ff0b18d3-3f55-4b23-a3c3-4ec2a0127c39,1,completed,True,708,824,,True,False,0,1,workspace_cache_plus_ready_blank,preflight
smoke4,v1,smoke4-p01-2-baseline,sample,baseline,3c413955-9a11-4fbf-9392-75c07e406d1d,1,completed,True,595,805,,True,False,1,2,workspace_cache_plus_fresh_sandbox,preflight
smoke4,v1,smoke4-seed,seed,baseline,97af05f6-dba9-4292-b812-cab8d9458370,,completed,True,833,980,,True,False,0,0,,preflight
formal,v1,formal-p01-1-baseline,sample,baseline,3581d85b-dbf4-4206-b100-bc72558c1864,1,completed,True,717,829,,True,True,2,3,workspace_cache_plus_fresh_sandbox,
formal,v1,formal-p01-2-candidate,sample,candidate,7b57b23e-397e-489b-af34-ce72b643aba1,1,completed,True,783,892,35,True,True,3,4,workspace_cache_plus_ready_blank,
formal,v1,formal-p02-1-candidate,sample,candidate,edafadde-6712-4262-9422-89682b449ba1,2,completed,True,783,895,35,True,True,4,5,workspace_cache_plus_ready_blank,
formal,v1,formal-p02-2-baseline,sample,baseline,68b590b0-9243-4d6d-b4e6-b38d165c6cad,2,completed,True,571,791,,True,True,5,6,workspace_cache_plus_fresh_sandbox,
formal,v1,formal-p03-1-baseline,sample,baseline,9e79d9f4-1ab2-4290-a10a-b4d7c00eb113,3,completed,True,618,828,,True,True,6,7,workspace_cache_plus_fresh_sandbox,
formal,v1,formal-p03-2-candidate,sample,candidate,8cfe9f6d-d1e0-4138-9c91-3210323e2755,3,completed,True,747,763,34,True,True,7,8,workspace_cache_plus_ready_blank,
formal,v1,formal-p04-1-candidate,sample,candidate,d7c1444e-4d21-451d-a257-a10d3c0b010d,4,completed,True,658,673,39,True,True,8,9,workspace_cache_plus_ready_blank,
formal,v1,formal-p04-2-baseline,sample,baseline,3dce07eb-0cf1-46cc-8729-970e839e4ddc,4,completed,True,554,765,,True,True,9,10,workspace_cache_plus_fresh_sandbox,
formal,v1,formal-p05-1-baseline,sample,baseline,34fc4c27-4f6c-4ca7-93ef-76711fb49bfe,5,completed,True,625,836,,True,True,10,11,workspace_cache_plus_fresh_sandbox,
formal,v1,formal-p05-2-candidate,sample,candidate,40ee589a-dfab-4bf2-aaaa-18da9c18075e,5,completed,True,1174,1186,36,True,True,11,12,workspace_cache_plus_ready_blank,
formal,v1,formal-p06-1-candidate,sample,candidate,afa3f693-eab4-49ba-8f83-55d72ca6b488,6,completed,True,902,915,42,True,True,12,13,workspace_cache_plus_ready_blank,
formal,v1,formal-p06-2-baseline,sample,baseline,0b34e0a6-67d8-49b5-a9dd-ed82f8756651,6,completed,True,700,910,,True,True,13,14,workspace_cache_plus_fresh_sandbox,
formal,v1,formal-p07-1-baseline,sample,baseline,297f0940-9f35-40ad-9ed3-295bfa9b3b32,7,completed,True,738,949,,True,True,14,15,workspace_cache_plus_fresh_sandbox,
formal,v1,formal-p07-2-candidate,sample,candidate,5d96e691-3142-46b3-b91b-c27a3ba178f2,7,completed,True,899,911,39,True,True,15,16,workspace_cache_plus_ready_blank,
formal,v1,formal-p08-1-candidate,sample,candidate,61954f05-fdce-40df-ae06-d0d5df3d1c45,8,completed,True,670,782,37,True,True,16,17,workspace_cache_plus_ready_blank,
formal,v1,formal-p08-2-baseline,sample,baseline,8b87d750-98bb-4bb4-a69b-b98f183c026d,8,completed,True,654,865,,True,True,17,18,workspace_cache_plus_fresh_sandbox,
formal,v1,formal-p09-1-baseline,sample,baseline,af7de53a-2980-4809-a2bc-fb2c09b52eca,9,completed,True,698,910,,True,True,18,19,workspace_cache_plus_fresh_sandbox,
formal,v1,formal-p09-2-candidate,sample,candidate,859fb082-5801-4b05-9002-eb01d1eec5dc,9,completed,True,738,852,36,True,True,19,20,workspace_cache_plus_ready_blank,
formal,v1,formal-p10-1-candidate,sample,candidate,fd0f5a39-74c2-4864-8c82-9e7bd1f0e4ca,10,completed,True,713,824,37,True,True,20,21,workspace_cache_plus_ready_blank,
formal,v1,formal-p10-2-baseline,sample,baseline,5e079879-388d-4adc-9aec-1b7ace32f656,10,completed,True,667,875,,True,True,21,22,workspace_cache_plus_fresh_sandbox,
replication,v1,replication-p01-1-candidate,sample,candidate,46cd1862-5cfe-4e40-a277-b805b88485b9,1,completed,True,627,639,50,True,True,22,23,workspace_cache_plus_ready_blank,
replication,v1,replication-p01-2-baseline,sample,baseline,a9946b81-929e-4e64-90ee-9cbe257c604f,1,completed,True,662,773,,True,True,23,24,workspace_cache_plus_fresh_sandbox,
replication,v1,replication-p02-1-baseline,sample,baseline,9a047071-5ed5-448e-baba-ed6a3b5f180c,2,completed,True,630,841,,True,True,24,25,workspace_cache_plus_fresh_sandbox,
replication,v1,replication-p02-2-candidate,sample,candidate,b68739df-fa93-4fe5-9f7b-93d4ab103f71,2,completed,True,702,718,37,True,True,25,26,workspace_cache_plus_ready_blank,
replication,v1,replication-p03-1-candidate,sample,candidate,e48bd8b0-987e-40cb-bceb-f8a1335f727f,3,completed,True,747,763,38,True,True,26,27,workspace_cache_plus_ready_blank,
replication,v1,replication-p03-2-baseline,sample,baseline,1f28e104-d09c-4c6d-a5b6-d2eefecae79e,3,completed,True,1407,1617,,True,True,27,28,workspace_cache_plus_fresh_sandbox,
replication,v1,replication-p04-1-baseline,sample,baseline,08dc84b3-fbc8-490b-b89b-8e3b85e9848e,4,completed,True,552,665,,True,True,28,29,workspace_cache_plus_fresh_sandbox,
replication,v1,replication-p04-2-candidate,sample,candidate,1fd04a1f-7c6b-4ca3-b2b2-f3e620a94b92,4,completed,True,656,668,37,True,True,29,30,workspace_cache_plus_ready_blank,
replication,v1,replication-p05-1-candidate,sample,candidate,dd066ea7-1ed4-441e-be32-e3e61b46e3fa,5,completed,True,675,786,34,True,True,30,31,workspace_cache_plus_ready_blank,
replication,v1,replication-p05-2-baseline,sample,baseline,677e3c2f-03d4-42ab-b29d-63ad0fd39227,5,completed,True,617,829,,True,True,31,32,workspace_cache_plus_fresh_sandbox,
replication,v1,replication-p06-1-baseline,sample,baseline,7d794a52-4015-4d35-88cc-7abd1dd9e3db,6,completed,True,584,796,,True,True,32,33,workspace_cache_plus_fresh_sandbox,
replication,v1,replication-p06-2-candidate,sample,candidate,466c4e8a-dc4b-4d66-8110-a18c2fa41096,6,completed,True,714,729,40,True,True,33,34,workspace_cache_plus_ready_blank,
replication,v1,replication-p07-1-candidate,sample,candidate,3ed0a39a-5f2e-4a0c-9daa-01f5d89d566e,7,completed,True,753,863,34,True,True,34,35,workspace_cache_plus_ready_blank,
replication,v1,replication-p07-2-baseline,sample,baseline,d15a1e8e-3a6a-48c1-9e27-228f7e67c88a,7,completed,True,1070,1281,,True,True,35,36,workspace_cache_plus_fresh_sandbox,
replication,v1,replication-p08-1-baseline,sample,baseline,491f7a8c-be75-4337-a4b3-f7e8636c605b,8,completed,True,663,874,,True,True,36,37,workspace_cache_plus_fresh_sandbox,
replication,v1,replication-p08-2-candidate,sample,candidate,23c114f6-ea4f-419c-84b1-c37f031b67e2,8,completed,True,769,782,41,True,True,37,38,workspace_cache_plus_ready_blank,
replication,v1,replication-p09-1-candidate,sample,candidate,0f92ae53-624e-4a62-8099-f7dd279a6a66,9,completed,True,847,958,38,True,True,38,39,workspace_cache_plus_ready_blank,
replication,v1,replication-p09-2-baseline,sample,baseline,56f2f2c2-e7d6-4ac5-b6d8-d4ed74c07116,9,completed,True,632,843,,True,True,39,40,workspace_cache_plus_fresh_sandbox,
replication,v1,replication-p10-1-baseline,sample,baseline,1f9d79b4-3fce-4220-bdc3-60c46d933a3e,10,completed,True,646,856,,True,True,40,41,workspace_cache_plus_fresh_sandbox,
replication,v1,replication-p10-2-candidate,sample,candidate,fd7b0e07-164a-4310-b316-db7484bec1cb,10,completed,True,704,820,37,True,True,41,42,workspace_cache_plus_ready_blank,
corrected,v2,corrected-p01-1-baseline,sample,baseline,a6c306ef-153c-4aae-8f02-5ee4df0e4d50,1,completed,True,638,750,,True,True,42,43,workspace_cache_plus_fresh_sandbox,
corrected,v2,corrected-p01-2-candidate,sample,candidate,964be2c0-f06e-44d8-b8e2-755584fa6f33,1,completed,True,662,772,35,True,True,43,44,workspace_cache_plus_ready_blank,
corrected,v2,corrected-p02-1-candidate,sample,candidate,9006d61c-cd04-4f14-9ae3-93f30edfa9a7,2,completed,True,645,755,32,True,True,44,45,workspace_cache_plus_ready_blank,
corrected,v2,corrected-p02-2-baseline,sample,baseline,26f95cc2-fa15-462e-b8eb-0cabc06a5196,2,completed,True,666,877,,True,True,45,46,workspace_cache_plus_fresh_sandbox,
corrected,v2,corrected-p03-1-baseline,sample,baseline,6f4b8585-0445-4293-a143-f29a3cb7f3bc,3,completed,True,564,775,,True,True,46,47,workspace_cache_plus_fresh_sandbox,
corrected,v2,corrected-p03-2-candidate,sample,candidate,b78f000f-c48b-4c4a-bf35-9e0f97bf6090,3,completed,True,1331,1441,52,True,True,47,48,workspace_cache_plus_ready_blank,
corrected,v2,corrected-p04-1-candidate,sample,candidate,917eacc1-aad8-4490-951f-7517e2ca6ffa,4,completed,True,650,770,35,True,True,48,49,workspace_cache_plus_ready_blank,
corrected,v2,corrected-p04-2-baseline,sample,baseline,6c4ac65d-8378-49c9-b444-6d61df958be8,4,completed,True,632,745,,True,True,49,50,workspace_cache_plus_fresh_sandbox,
corrected,v2,corrected-p05-1-baseline,sample,baseline,c1583a59-51da-499f-b536-3045c7430a21,5,completed,True,640,852,,True,True,50,51,workspace_cache_plus_fresh_sandbox,
corrected,v2,corrected-p05-2-candidate,sample,candidate,e5a589f4-cd57-478f-b168-e42e8dc282a5,5,completed,True,727,837,37,True,True,51,52,workspace_cache_plus_ready_blank,
corrected,v2,corrected-p06-1-candidate,sample,candidate,6b55844f-ee22-4f65-9de0-b7291538e7c8,6,completed,True,716,829,41,True,True,52,53,workspace_cache_plus_ready_blank,
corrected,v2,corrected-p06-2-baseline,sample,baseline,6b794e08-bfba-4262-a600-6e78bea0ea76,6,completed,True,776,984,,True,True,53,54,workspace_cache_plus_fresh_sandbox,
corrected,v2,corrected-p07-1-baseline,sample,baseline,eb38aca4-1ebb-4e33-b882-88130efefdd5,7,completed,True,1025,1236,,True,True,54,55,workspace_cache_plus_fresh_sandbox,
corrected,v2,corrected-p07-2-candidate,sample,candidate,a2f4c01f-6840-459b-9cb3-51ce0e5a49e1,7,completed,True,1191,1302,46,True,True,55,56,workspace_cache_plus_ready_blank,
corrected,v2,corrected-p08-1-candidate,sample,candidate,668d4e9f-f05b-4c03-9928-6be4e1055df3,8,completed,True,619,729,40,True,True,56,57,workspace_cache_plus_ready_blank,
corrected,v2,corrected-p08-2-baseline,sample,baseline,9158dda5-b7a2-4f7d-86b2-32e105752492,8,completed,True,783,995,,True,True,57,58,workspace_cache_plus_fresh_sandbox,
corrected,v2,corrected-p09-1-baseline,sample,baseline,888a330f-18fb-4e12-825a-11af2b6b9d9a,9,completed,True,658,869,,True,True,58,59,workspace_cache_plus_fresh_sandbox,
corrected,v2,corrected-p09-2-candidate,sample,candidate,eaf03463-ff50-41d4-b9ff-2e47fbc8c385,9,completed,True,553,662,33,True,True,59,60,workspace_cache_plus_ready_blank,
corrected,v2,corrected-p10-1-candidate,sample,candidate,198fbdcd-48ff-46a8-8872-b99f10cbb881,10,completed,True,639,749,32,True,True,60,61,workspace_cache_plus_ready_blank,
corrected,v2,corrected-p10-2-baseline,sample,baseline,8cf81568-aa1c-4c83-8015-47a4060ddcea,10,completed,True,680,893,,True,True,61,62,workspace_cache_plus_fresh_sandbox,
